[
{"city": "\u5317\u4eac"},
{"city": "\u4e0a\u6d77"},
{"city": "\u5e7f\u5dde"},
{"city": "\u6df1\u5733"},
{"city": "\u6210\u90fd"},
{"city": "\u676d\u5dde"},
{"city": "\u5357\u4eac"},
{"city": "\u5929\u6d25"},
{"city": "\u6b66\u6c49"},
{"city": "\u91cd\u5e86"},
{"city": "\u9752\u5c9b"},
{"city": "\u6d4e\u5357"},
{"city": "\u70df\u53f0"},
{"city": "\u6f4d\u574a"},
{"city": "\u4e34\u6c82"},
{"city": "\u6dc4\u535a"},
{"city": "\u6d4e\u5b81"},
{"city": "\u6cf0\u5b89"},
{"city": "\u804a\u57ce"},
{"city": "\u5a01\u6d77"},
{"city": "\u67a3\u5e84"},
{"city": "\u5fb7\u5dde"},
{"city": "\u65e5\u7167"},
{"city": "\u4e1c\u8425"},
{"city": "\u83cf\u6cfd"},
{"city": "\u6ee8\u5dde"},
{"city": "\u83b1\u829c"},
{"city": "\u7ae0\u4e18"},
{"city": "\u57a6\u5229"},
{"city": "\u8bf8\u57ce"},
{"city": "\u5bff\u5149"},
{"city": "\u82cf\u5dde"},
{"city": "\u5357\u4eac"},
{"city": "\u65e0\u9521"},
{"city": "\u5e38\u5dde"},
{"city": "\u5f90\u5dde"},
{"city": "\u5357\u901a"},
{"city": "\u626c\u5dde"},
{"city": "\u76d0\u57ce"},
{"city": "\u6dee\u5b89"},
{"city": "\u8fde\u4e91\u6e2f"},
{"city": "\u6cf0\u5dde"},
{"city": "\u5bbf\u8fc1"},
{"city": "\u9547\u6c5f"},
{"city": "\u6cad\u9633"},
{"city": "\u5927\u4e30"},
{"city": "\u5982\u768b"},
{"city": "\u542f\u4e1c"},
{"city": "\u6ea7\u9633"},
{"city": "\u6d77\u95e8"},
{"city": "\u4e1c\u6d77"},
{"city": "\u626c\u4e2d"},
{"city": "\u5174\u5316"},
{"city": "\u65b0\u6c82"},
{"city": "\u6cf0\u5174"},
{"city": "\u5982\u4e1c"},
{"city": "\u90b3\u5dde"},
{"city": "\u6c9b\u53bf"},
{"city": "\u9756\u6c5f"},
{"city": "\u5efa\u6e56"},
{"city": "\u6d77\u5b89"},
{"city": "\u4e1c\u53f0"},
{"city": "\u4e39\u9633"},
{"city": "\u676d\u5dde"},
{"city": "\u5b81\u6ce2"},
{"city": "\u6e29\u5dde"},
{"city": "\u91d1\u534e"},
{"city": "\u5609\u5174"},
{"city": "\u53f0\u5dde"},
{"city": "\u7ecd\u5174"},
{"city": "\u6e56\u5dde"},
{"city": "\u4e3d\u6c34"},
{"city": "\u8862\u5dde"},
{"city": "\u821f\u5c71"},
{"city": "\u4e50\u6e05"},
{"city": "\u745e\u5b89"},
{"city": "\u4e49\u4e4c"},
{"city": "\u4f59\u59da"},
{"city": "\u8bf8\u66a8"},
{"city": "\u8c61\u5c71"},
{"city": "\u6e29\u5cad"},
{"city": "\u6850\u4e61"},
{"city": "\u6148\u6eaa"},
{"city": "\u957f\u5174"},
{"city": "\u5609\u5584"},
{"city": "\u6d77\u5b81"},
{"city": "\u5fb7\u6e05"},
{"city": "\u5408\u80a5"},
{"city": "\u829c\u6e56"},
{"city": "\u868c\u57e0"},
{"city": "\u961c\u9633"},
{"city": "\u6dee\u5357"},
{"city": "\u5b89\u5e86"},
{"city": "\u5bbf\u5dde"},
{"city": "\u516d\u5b89"},
{"city": "\u6dee\u5317"},
{"city": "\u6ec1\u5dde"},
{"city": "\u9a6c\u978d\u5c71"},
{"city": "\u94dc\u9675"},
{"city": "\u5ba3\u57ce"},
{"city": "\u4eb3\u5dde"},
{"city": "\u9ec4\u5c71"},
{"city": "\u6c60\u5dde"},
{"city": "\u5de2\u6e56"},
{"city": "\u548c\u53bf"},
{"city": "\u970d\u90b1"},
{"city": "\u6850\u57ce"},
{"city": "\u5b81\u56fd"},
{"city": "\u5929\u957f"},
{"city": "\u6df1\u5733"},
{"city": "\u5e7f\u5dde"},
{"city": "\u4e1c\u839e"},
{"city": "\u4f5b\u5c71"},
{"city": "\u4e2d\u5c71"},
{"city": "\u73e0\u6d77"},
{"city": "\u60e0\u5dde"},
{"city": "\u6c5f\u95e8"},
{"city": "\u6c55\u5934"},
{"city": "\u6e5b\u6c5f"},
{"city": "\u8087\u5e86"},
{"city": "\u8302\u540d"},
{"city": "\u63ed\u9633"},
{"city": "\u6885\u5dde"},
{"city": "\u6e05\u8fdc"},
{"city": "\u9633\u6c5f"},
{"city": "\u97f6\u5173"},
{"city": "\u6cb3\u6e90"},
{"city": "\u4e91\u6d6e"},
{"city": "\u6c55\u5c3e"},
{"city": "\u6f6e\u5dde"},
{"city": "\u53f0\u5c71"},
{"city": "\u9633\u6625"},
{"city": "\u987a\u5fb7"},
{"city": "\u60e0\u4e1c"},
{"city": "\u535a\u7f57"},
{"city": "\u798f\u5dde"},
{"city": "\u53a6\u95e8"},
{"city": "\u6cc9\u5dde"},
{"city": "\u8386\u7530"},
{"city": "\u6f33\u5dde"},
{"city": "\u5b81\u5fb7"},
{"city": "\u4e09\u660e"},
{"city": "\u5357\u5e73"},
{"city": "\u9f99\u5ca9"},
{"city": "\u6b66\u5937\u5c71"},
{"city": "\u77f3\u72ee"},
{"city": "\u664b\u6c5f"},
{"city": "\u5357\u5b89"},
{"city": "\u5357\u5b81"},
{"city": "\u67f3\u5dde"},
{"city": "\u6842\u6797"},
{"city": "\u7389\u6797"},
{"city": "\u68a7\u5dde"},
{"city": "\u5317\u6d77"},
{"city": "\u8d35\u6e2f"},
{"city": "\u94a6\u5dde"},
{"city": "\u767e\u8272"},
{"city": "\u6cb3\u6c60"},
{"city": "\u6765\u5bbe"},
{"city": "\u8d3a\u5dde"},
{"city": "\u9632\u57ce\u6e2f"},
{"city": "\u5d07\u5de6"},
{"city": "\u6d77\u53e3"},
{"city": "\u4e09\u4e9a"},
{"city": "\u4e94\u6307\u5c71"},
{"city": "\u4e09\u6c99"},
{"city": "\u743c\u6d77"},
{"city": "\u90d1\u5dde"},
{"city": "\u6d1b\u9633"},
{"city": "\u65b0\u4e61"},
{"city": "\u5357\u9633"},
{"city": "\u8bb8\u660c"},
{"city": "\u5e73\u9876\u5c71"},
{"city": "\u5b89\u9633"},
{"city": "\u7126\u4f5c"},
{"city": "\u5546\u4e18"},
{"city": "\u5f00\u5c01"},
{"city": "\u6fee\u9633"},
{"city": "\u5468\u53e3"},
{"city": "\u4fe1\u9633"},
{"city": "\u9a7b\u9a6c\u5e97"},
{"city": "\u6f2f\u6cb3"},
{"city": "\u4e09\u95e8\u5ce1"},
{"city": "\u9e64\u58c1"},
{"city": "\u6d4e\u6e90"},
{"city": "\u660e\u6e2f"},
{"city": "\u9122\u9675"},
{"city": "\u79b9\u5dde"},
{"city": "\u957f\u845b"},
{"city": "\u6b66\u6c49"},
{"city": "\u5b9c\u660c"},
{"city": "\u8944\u9633"},
{"city": "\u8346\u5dde"},
{"city": "\u5341\u5830"},
{"city": "\u9ec4\u77f3"},
{"city": "\u5b5d\u611f"},
{"city": "\u9ec4\u5188"},
{"city": "\u6069\u65bd"},
{"city": "\u8346\u95e8"},
{"city": "\u54b8\u5b81"},
{"city": "\u9102\u5dde"},
{"city": "\u968f\u5dde"},
{"city": "\u6f5c\u6c5f"},
{"city": "\u5929\u95e8"},
{"city": "\u4ed9\u6843"},
{"city": "\u795e\u519c\u67b6"},
{"city": "\u5b9c\u90fd"},
{"city": "\u957f\u6c99"},
{"city": "\u682a\u6d32"},
{"city": "\u76ca\u9633"},
{"city": "\u5e38\u5fb7"},
{"city": "\u8861\u9633"},
{"city": "\u6e58\u6f6d"},
{"city": "\u5cb3\u9633"},
{"city": "\u90f4\u5dde"},
{"city": "\u90b5\u9633"},
{"city": "\u6000\u5316"},
{"city": "\u6c38\u5dde"},
{"city": "\u5a04\u5e95"},
{"city": "\u6e58\u897f"},
{"city": "\u5f20\u5bb6\u754c"},
{"city": "\u5357\u660c"},
{"city": "\u8d63\u5dde"},
{"city": "\u4e5d\u6c5f"},
{"city": "\u5b9c\u6625"},
{"city": "\u5409\u5b89"},
{"city": "\u4e0a\u9976"},
{"city": "\u840d\u4e61"},
{"city": "\u629a\u5dde"},
{"city": "\u666f\u5fb7\u9547"},
{"city": "\u65b0\u4f59"},
{"city": "\u9e70\u6f6d"},
{"city": "\u6c38\u65b0"},
{"city": "\u6c88\u9633"},
{"city": "\u5927\u8fde"},
{"city": "\u978d\u5c71"},
{"city": "\u9526\u5dde"},
{"city": "\u629a\u987a"},
{"city": "\u8425\u53e3"},
{"city": "\u76d8\u9526"},
{"city": "\u671d\u9633"},
{"city": "\u4e39\u4e1c"},
{"city": "\u8fbd\u9633"},
{"city": "\u672c\u6eaa"},
{"city": "\u846b\u82a6\u5c9b"},
{"city": "\u94c1\u5cad"},
{"city": "\u961c\u65b0"},
{"city": "\u5e84\u6cb3"},
{"city": "\u74e6\u623f\u5e97"},
{"city": "\u54c8\u5c14\u6ee8"},
{"city": "\u5927\u5e86"},
{"city": "\u9f50\u9f50\u54c8\u5c14"},
{"city": "\u7261\u4e39\u6c5f"},
{"city": "\u7ee5\u5316"},
{"city": "\u4f73\u6728\u65af"},
{"city": "\u9e21\u897f"},
{"city": "\u53cc\u9e2d\u5c71"},
{"city": "\u9e64\u5c97"},
{"city": "\u9ed1\u6cb3"},
{"city": "\u4f0a\u6625"},
{"city": "\u4e03\u53f0\u6cb3"},
{"city": "\u5927\u5174\u5b89\u5cad"},
{"city": "\u957f\u6625"},
{"city": "\u5409\u6797"},
{"city": "\u56db\u5e73"},
{"city": "\u5ef6\u8fb9"},
{"city": "\u677e\u539f"},
{"city": "\u767d\u57ce"},
{"city": "\u901a\u5316"},
{"city": "\u767d\u5c71"},
{"city": "\u8fbd\u6e90"},
{"city": "\u6210\u90fd"},
{"city": "\u7ef5\u9633"},
{"city": "\u5fb7\u9633"},
{"city": "\u5357\u5145"},
{"city": "\u5b9c\u5bbe"},
{"city": "\u81ea\u8d21"},
{"city": "\u4e50\u5c71"},
{"city": "\u6cf8\u5dde"},
{"city": "\u8fbe\u5dde"},
{"city": "\u5185\u6c5f"},
{"city": "\u9042\u5b81"},
{"city": "\u6500\u679d\u82b1"},
{"city": "\u7709\u5c71"},
{"city": "\u5e7f\u5b89"},
{"city": "\u8d44\u9633"},
{"city": "\u51c9\u5c71"},
{"city": "\u5e7f\u5143"},
{"city": "\u96c5\u5b89"},
{"city": "\u5df4\u4e2d"},
{"city": "\u963f\u575d"},
{"city": "\u7518\u5b5c"},
{"city": "\u6606\u660e"},
{"city": "\u66f2\u9756"},
{"city": "\u5927\u7406"},
{"city": "\u7ea2\u6cb3"},
{"city": "\u7389\u6eaa"},
{"city": "\u4e3d\u6c5f"},
{"city": "\u6587\u5c71"},
{"city": "\u695a\u96c4"},
{"city": "\u897f\u53cc\u7248\u7eb3"},
{"city": "\u662d\u901a"},
{"city": "\u5fb7\u5b8f"},
{"city": "\u666e\u6d31"},
{"city": "\u4fdd\u5c71"},
{"city": "\u4e34\u6ca7"},
{"city": "\u8fea\u5e86"},
{"city": "\u6012\u6c5f"},
{"city": "\u8d35\u9633"},
{"city": "\u9075\u4e49"},
{"city": "\u9ed4\u4e1c\u5357"},
{"city": "\u9ed4\u5357"},
{"city": "\u516d\u76d8\u6c34"},
{"city": "\u6bd5\u8282"},
{"city": "\u94dc\u4ec1"},
{"city": "\u5b89\u987a"},
{"city": "\u9ed4\u897f\u5357"},
{"city": "\u62c9\u8428"},
{"city": "\u65e5\u5580\u5219"},
{"city": "\u5c71\u5357"},
{"city": "\u6797\u829d"},
{"city": "\u660c\u90fd"},
{"city": "\u90a3\u66f2"},
{"city": "\u963f\u91cc"},
{"city": "\u77f3\u5bb6\u5e84"},
{"city": "\u4fdd\u5b9a"},
{"city": "\u5510\u5c71"},
{"city": "\u5eca\u574a"},
{"city": "\u90af\u90f8"},
{"city": "\u79e6\u7687\u5c9b"},
{"city": "\u6ca7\u5dde"},
{"city": "\u90a2\u53f0"},
{"city": "\u8861\u6c34"},
{"city": "\u5f20\u5bb6\u53e3"},
{"city": "\u627f\u5fb7"},
{"city": "\u5b9a\u5dde"},
{"city": "\u9986\u9676"},
{"city": "\u5f20\u5317"},
{"city": "\u8d75\u53bf"},
{"city": "\u6b63\u5b9a"},
{"city": "\u592a\u539f"},
{"city": "\u4e34\u6c7e"},
{"city": "\u5927\u540c"},
{"city": "\u8fd0\u57ce"},
{"city": "\u664b\u4e2d"},
{"city": "\u957f\u6cbb"},
{"city": "\u664b\u57ce"},
{"city": "\u9633\u6cc9"},
{"city": "\u5415\u6881"},
{"city": "\u5ffb\u5dde"},
{"city": "\u6714\u5dde"},
{"city": "\u4e34\u7317"},
{"city": "\u6e05\u5f90"},
{"city": "\u547c\u548c\u6d69\u7279"},
{"city": "\u5305\u5934"},
{"city": "\u8d64\u5cf0"},
{"city": "\u9102\u5c14\u591a\u65af"},
{"city": "\u901a\u8fbd"},
{"city": "\u547c\u4f26\u8d1d\u5c14"},
{"city": "\u5df4\u5f66\u6dd6\u5c14\u5e02"},
{"city": "\u4e4c\u5170\u5bdf\u5e03"},
{"city": "\u9521\u6797\u90ed\u52d2\u76df"},
{"city": "\u5174\u5b89\u76df"},
{"city": "\u4e4c\u6d77"},
{"city": "\u963f\u62c9\u5584\u76df"},
{"city": "\u6d77\u62c9\u5c14"},
{"city": "\u897f\u5b89"},
{"city": "\u54b8\u9633"},
{"city": "\u5b9d\u9e21"},
{"city": "\u6e2d\u5357"},
{"city": "\u6c49\u4e2d"},
{"city": "\u6986\u6797"},
{"city": "\u5ef6\u5b89"},
{"city": "\u5b89\u5eb7"},
{"city": "\u5546\u6d1b"},
{"city": "\u94dc\u5ddd"},
{"city": "\u4e4c\u9c81\u6728\u9f50"},
{"city": "\u660c\u5409"},
{"city": "\u5df4\u97f3\u90ed\u695e"},
{"city": "\u4f0a\u7281"},
{"city": "\u963f\u514b\u82cf"},
{"city": "\u5580\u4ec0"},
{"city": "\u54c8\u5bc6"},
{"city": "\u514b\u62c9\u739b\u4f9d"},
{"city": "\u535a\u5c14\u5854\u62c9"},
{"city": "\u5410\u9c81\u756a"},
{"city": "\u548c\u7530"},
{"city": "\u77f3\u6cb3\u5b50"},
{"city": "\u514b\u5b5c\u52d2\u82cf"},
{"city": "\u963f\u62c9\u5c14"},
{"city": "\u4e94\u5bb6\u6e20"},
{"city": "\u56fe\u6728\u8212\u514b"},
{"city": "\u5170\u5dde"},
{"city": "\u5929\u6c34"},
{"city": "\u767d\u94f6"},
{"city": "\u5e86\u9633"},
{"city": "\u5e73\u51c9"},
{"city": "\u9152\u6cc9"},
{"city": "\u5f20\u6396"},
{"city": "\u6b66\u5a01"},
{"city": "\u5b9a\u897f"},
{"city": "\u91d1\u660c"},
{"city": "\u9647\u5357"},
{"city": "\u4e34\u590f"},
{"city": "\u5609\u5cea\u5173"},
{"city": "\u7518\u5357"},
{"city": "\u94f6\u5ddd"},
{"city": "\u5434\u5fe0"},
{"city": "\u77f3\u5634\u5c71"},
{"city": "\u4e2d\u536b"},
{"city": "\u56fa\u539f"},
{"city": "\u897f\u5b81"},
{"city": "\u6d77\u897f"},
{"city": "\u6d77\u5317"},
{"city": "\u679c\u6d1b"},
{"city": "\u6d77\u4e1c"},
{"city": "\u9ec4\u5357"},
{"city": "\u7389\u6811"},
{"city": "\u6d77\u5357"},
{"city": "\u9999\u6e2f"},
{"city": "\u6fb3\u95e8"},
{"city": "\u53f0\u6e7e"},
{"city": "\u9493\u9c7c\u5c9b"},
{"city": "\u5176\u4ed6"}
][
{"city": "\u5317\u4eac"},
{"city": "\u4e0a\u6d77"},
{"city": "\u5e7f\u5dde"},
{"city": "\u6df1\u5733"},
{"city": "\u6210\u90fd"},
{"city": "\u676d\u5dde"},
{"city": "\u5357\u4eac"},
{"city": "\u5929\u6d25"},
{"city": "\u6b66\u6c49"},
{"city": "\u91cd\u5e86"},
{"city": "\u9752\u5c9b"},
{"city": "\u6d4e\u5357"},
{"city": "\u70df\u53f0"},
{"city": "\u6f4d\u574a"},
{"city": "\u4e34\u6c82"},
{"city": "\u6dc4\u535a"},
{"city": "\u6d4e\u5b81"},
{"city": "\u6cf0\u5b89"},
{"city": "\u804a\u57ce"},
{"city": "\u5a01\u6d77"},
{"city": "\u67a3\u5e84"},
{"city": "\u5fb7\u5dde"},
{"city": "\u65e5\u7167"},
{"city": "\u4e1c\u8425"},
{"city": "\u83cf\u6cfd"},
{"city": "\u6ee8\u5dde"},
{"city": "\u83b1\u829c"},
{"city": "\u7ae0\u4e18"},
{"city": "\u57a6\u5229"},
{"city": "\u8bf8\u57ce"},
{"city": "\u5bff\u5149"},
{"city": "\u82cf\u5dde"},
{"city": "\u5357\u4eac"},
{"city": "\u65e0\u9521"},
{"city": "\u5e38\u5dde"},
{"city": "\u5f90\u5dde"},
{"city": "\u5357\u901a"},
{"city": "\u626c\u5dde"},
{"city": "\u76d0\u57ce"},
{"city": "\u6dee\u5b89"},
{"city": "\u8fde\u4e91\u6e2f"},
{"city": "\u6cf0\u5dde"},
{"city": "\u5bbf\u8fc1"},
{"city": "\u9547\u6c5f"},
{"city": "\u6cad\u9633"},
{"city": "\u5927\u4e30"},
{"city": "\u5982\u768b"},
{"city": "\u542f\u4e1c"},
{"city": "\u6ea7\u9633"},
{"city": "\u6d77\u95e8"},
{"city": "\u4e1c\u6d77"},
{"city": "\u626c\u4e2d"},
{"city": "\u5174\u5316"},
{"city": "\u65b0\u6c82"},
{"city": "\u6cf0\u5174"},
{"city": "\u5982\u4e1c"},
{"city": "\u90b3\u5dde"},
{"city": "\u6c9b\u53bf"},
{"city": "\u9756\u6c5f"},
{"city": "\u5efa\u6e56"},
{"city": "\u6d77\u5b89"},
{"city": "\u4e1c\u53f0"},
{"city": "\u4e39\u9633"},
{"city": "\u676d\u5dde"},
{"city": "\u5b81\u6ce2"},
{"city": "\u6e29\u5dde"},
{"city": "\u91d1\u534e"},
{"city": "\u5609\u5174"},
{"city": "\u53f0\u5dde"},
{"city": "\u7ecd\u5174"},
{"city": "\u6e56\u5dde"},
{"city": "\u4e3d\u6c34"},
{"city": "\u8862\u5dde"},
{"city": "\u821f\u5c71"},
{"city": "\u4e50\u6e05"},
{"city": "\u745e\u5b89"},
{"city": "\u4e49\u4e4c"},
{"city": "\u4f59\u59da"},
{"city": "\u8bf8\u66a8"},
{"city": "\u8c61\u5c71"},
{"city": "\u6e29\u5cad"},
{"city": "\u6850\u4e61"},
{"city": "\u6148\u6eaa"},
{"city": "\u957f\u5174"},
{"city": "\u5609\u5584"},
{"city": "\u6d77\u5b81"},
{"city": "\u5fb7\u6e05"},
{"city": "\u5408\u80a5"},
{"city": "\u829c\u6e56"},
{"city": "\u868c\u57e0"},
{"city": "\u961c\u9633"},
{"city": "\u6dee\u5357"},
{"city": "\u5b89\u5e86"},
{"city": "\u5bbf\u5dde"},
{"city": "\u516d\u5b89"},
{"city": "\u6dee\u5317"},
{"city": "\u6ec1\u5dde"},
{"city": "\u9a6c\u978d\u5c71"},
{"city": "\u94dc\u9675"},
{"city": "\u5ba3\u57ce"},
{"city": "\u4eb3\u5dde"},
{"city": "\u9ec4\u5c71"},
{"city": "\u6c60\u5dde"},
{"city": "\u5de2\u6e56"},
{"city": "\u548c\u53bf"},
{"city": "\u970d\u90b1"},
{"city": "\u6850\u57ce"},
{"city": "\u5b81\u56fd"},
{"city": "\u5929\u957f"},
{"city": "\u6df1\u5733"},
{"city": "\u5e7f\u5dde"},
{"city": "\u4e1c\u839e"},
{"city": "\u4f5b\u5c71"},
{"city": "\u4e2d\u5c71"},
{"city": "\u73e0\u6d77"},
{"city": "\u60e0\u5dde"},
{"city": "\u6c5f\u95e8"},
{"city": "\u6c55\u5934"},
{"city": "\u6e5b\u6c5f"},
{"city": "\u8087\u5e86"},
{"city": "\u8302\u540d"},
{"city": "\u63ed\u9633"},
{"city": "\u6885\u5dde"},
{"city": "\u6e05\u8fdc"},
{"city": "\u9633\u6c5f"},
{"city": "\u97f6\u5173"},
{"city": "\u6cb3\u6e90"},
{"city": "\u4e91\u6d6e"},
{"city": "\u6c55\u5c3e"},
{"city": "\u6f6e\u5dde"},
{"city": "\u53f0\u5c71"},
{"city": "\u9633\u6625"},
{"city": "\u987a\u5fb7"},
{"city": "\u60e0\u4e1c"},
{"city": "\u535a\u7f57"},
{"city": "\u798f\u5dde"},
{"city": "\u53a6\u95e8"},
{"city": "\u6cc9\u5dde"},
{"city": "\u8386\u7530"},
{"city": "\u6f33\u5dde"},
{"city": "\u5b81\u5fb7"},
{"city": "\u4e09\u660e"},
{"city": "\u5357\u5e73"},
{"city": "\u9f99\u5ca9"},
{"city": "\u6b66\u5937\u5c71"},
{"city": "\u77f3\u72ee"},
{"city": "\u664b\u6c5f"},
{"city": "\u5357\u5b89"},
{"city": "\u5357\u5b81"},
{"city": "\u67f3\u5dde"},
{"city": "\u6842\u6797"},
{"city": "\u7389\u6797"},
{"city": "\u68a7\u5dde"},
{"city": "\u5317\u6d77"},
{"city": "\u8d35\u6e2f"},
{"city": "\u94a6\u5dde"},
{"city": "\u767e\u8272"},
{"city": "\u6cb3\u6c60"},
{"city": "\u6765\u5bbe"},
{"city": "\u8d3a\u5dde"},
{"city": "\u9632\u57ce\u6e2f"},
{"city": "\u5d07\u5de6"},
{"city": "\u6d77\u53e3"},
{"city": "\u4e09\u4e9a"},
{"city": "\u4e94\u6307\u5c71"},
{"city": "\u4e09\u6c99"},
{"city": "\u743c\u6d77"},
{"city": "\u90d1\u5dde"},
{"city": "\u6d1b\u9633"},
{"city": "\u65b0\u4e61"},
{"city": "\u5357\u9633"},
{"city": "\u8bb8\u660c"},
{"city": "\u5e73\u9876\u5c71"},
{"city": "\u5b89\u9633"},
{"city": "\u7126\u4f5c"},
{"city": "\u5546\u4e18"},
{"city": "\u5f00\u5c01"},
{"city": "\u6fee\u9633"},
{"city": "\u5468\u53e3"},
{"city": "\u4fe1\u9633"},
{"city": "\u9a7b\u9a6c\u5e97"},
{"city": "\u6f2f\u6cb3"},
{"city": "\u4e09\u95e8\u5ce1"},
{"city": "\u9e64\u58c1"},
{"city": "\u6d4e\u6e90"},
{"city": "\u660e\u6e2f"},
{"city": "\u9122\u9675"},
{"city": "\u79b9\u5dde"},
{"city": "\u957f\u845b"},
{"city": "\u6b66\u6c49"},
{"city": "\u5b9c\u660c"},
{"city": "\u8944\u9633"},
{"city": "\u8346\u5dde"},
{"city": "\u5341\u5830"},
{"city": "\u9ec4\u77f3"},
{"city": "\u5b5d\u611f"},
{"city": "\u9ec4\u5188"},
{"city": "\u6069\u65bd"},
{"city": "\u8346\u95e8"},
{"city": "\u54b8\u5b81"},
{"city": "\u9102\u5dde"},
{"city": "\u968f\u5dde"},
{"city": "\u6f5c\u6c5f"},
{"city": "\u5929\u95e8"},
{"city": "\u4ed9\u6843"},
{"city": "\u795e\u519c\u67b6"},
{"city": "\u5b9c\u90fd"},
{"city": "\u957f\u6c99"},
{"city": "\u682a\u6d32"},
{"city": "\u76ca\u9633"},
{"city": "\u5e38\u5fb7"},
{"city": "\u8861\u9633"},
{"city": "\u6e58\u6f6d"},
{"city": "\u5cb3\u9633"},
{"city": "\u90f4\u5dde"},
{"city": "\u90b5\u9633"},
{"city": "\u6000\u5316"},
{"city": "\u6c38\u5dde"},
{"city": "\u5a04\u5e95"},
{"city": "\u6e58\u897f"},
{"city": "\u5f20\u5bb6\u754c"},
{"city": "\u5357\u660c"},
{"city": "\u8d63\u5dde"},
{"city": "\u4e5d\u6c5f"},
{"city": "\u5b9c\u6625"},
{"city": "\u5409\u5b89"},
{"city": "\u4e0a\u9976"},
{"city": "\u840d\u4e61"},
{"city": "\u629a\u5dde"},
{"city": "\u666f\u5fb7\u9547"},
{"city": "\u65b0\u4f59"},
{"city": "\u9e70\u6f6d"},
{"city": "\u6c38\u65b0"},
{"city": "\u6c88\u9633"},
{"city": "\u5927\u8fde"},
{"city": "\u978d\u5c71"},
{"city": "\u9526\u5dde"},
{"city": "\u629a\u987a"},
{"city": "\u8425\u53e3"},
{"city": "\u76d8\u9526"},
{"city": "\u671d\u9633"},
{"city": "\u4e39\u4e1c"},
{"city": "\u8fbd\u9633"},
{"city": "\u672c\u6eaa"},
{"city": "\u846b\u82a6\u5c9b"},
{"city": "\u94c1\u5cad"},
{"city": "\u961c\u65b0"},
{"city": "\u5e84\u6cb3"},
{"city": "\u74e6\u623f\u5e97"},
{"city": "\u54c8\u5c14\u6ee8"},
{"city": "\u5927\u5e86"},
{"city": "\u9f50\u9f50\u54c8\u5c14"},
{"city": "\u7261\u4e39\u6c5f"},
{"city": "\u7ee5\u5316"},
{"city": "\u4f73\u6728\u65af"},
{"city": "\u9e21\u897f"},
{"city": "\u53cc\u9e2d\u5c71"},
{"city": "\u9e64\u5c97"},
{"city": "\u9ed1\u6cb3"},
{"city": "\u4f0a\u6625"},
{"city": "\u4e03\u53f0\u6cb3"},
{"city": "\u5927\u5174\u5b89\u5cad"},
{"city": "\u957f\u6625"},
{"city": "\u5409\u6797"},
{"city": "\u56db\u5e73"},
{"city": "\u5ef6\u8fb9"},
{"city": "\u677e\u539f"},
{"city": "\u767d\u57ce"},
{"city": "\u901a\u5316"},
{"city": "\u767d\u5c71"},
{"city": "\u8fbd\u6e90"},
{"city": "\u6210\u90fd"},
{"city": "\u7ef5\u9633"},
{"city": "\u5fb7\u9633"},
{"city": "\u5357\u5145"},
{"city": "\u5b9c\u5bbe"},
{"city": "\u81ea\u8d21"},
{"city": "\u4e50\u5c71"},
{"city": "\u6cf8\u5dde"},
{"city": "\u8fbe\u5dde"},
{"city": "\u5185\u6c5f"},
{"city": "\u9042\u5b81"},
{"city": "\u6500\u679d\u82b1"},
{"city": "\u7709\u5c71"},
{"city": "\u5e7f\u5b89"},
{"city": "\u8d44\u9633"},
{"city": "\u51c9\u5c71"},
{"city": "\u5e7f\u5143"},
{"city": "\u96c5\u5b89"},
{"city": "\u5df4\u4e2d"},
{"city": "\u963f\u575d"},
{"city": "\u7518\u5b5c"},
{"city": "\u6606\u660e"},
{"city": "\u66f2\u9756"},
{"city": "\u5927\u7406"},
{"city": "\u7ea2\u6cb3"},
{"city": "\u7389\u6eaa"},
{"city": "\u4e3d\u6c5f"},
{"city": "\u6587\u5c71"},
{"city": "\u695a\u96c4"},
{"city": "\u897f\u53cc\u7248\u7eb3"},
{"city": "\u662d\u901a"},
{"city": "\u5fb7\u5b8f"},
{"city": "\u666e\u6d31"},
{"city": "\u4fdd\u5c71"},
{"city": "\u4e34\u6ca7"},
{"city": "\u8fea\u5e86"},
{"city": "\u6012\u6c5f"},
{"city": "\u8d35\u9633"},
{"city": "\u9075\u4e49"},
{"city": "\u9ed4\u4e1c\u5357"},
{"city": "\u9ed4\u5357"},
{"city": "\u516d\u76d8\u6c34"},
{"city": "\u6bd5\u8282"},
{"city": "\u94dc\u4ec1"},
{"city": "\u5b89\u987a"},
{"city": "\u9ed4\u897f\u5357"},
{"city": "\u62c9\u8428"},
{"city": "\u65e5\u5580\u5219"},
{"city": "\u5c71\u5357"},
{"city": "\u6797\u829d"},
{"city": "\u660c\u90fd"},
{"city": "\u90a3\u66f2"},
{"city": "\u963f\u91cc"},
{"city": "\u77f3\u5bb6\u5e84"},
{"city": "\u4fdd\u5b9a"},
{"city": "\u5510\u5c71"},
{"city": "\u5eca\u574a"},
{"city": "\u90af\u90f8"},
{"city": "\u79e6\u7687\u5c9b"},
{"city": "\u6ca7\u5dde"},
{"city": "\u90a2\u53f0"},
{"city": "\u8861\u6c34"},
{"city": "\u5f20\u5bb6\u53e3"},
{"city": "\u627f\u5fb7"},
{"city": "\u5b9a\u5dde"},
{"city": "\u9986\u9676"},
{"city": "\u5f20\u5317"},
{"city": "\u8d75\u53bf"},
{"city": "\u6b63\u5b9a"},
{"city": "\u592a\u539f"},
{"city": "\u4e34\u6c7e"},
{"city": "\u5927\u540c"},
{"city": "\u8fd0\u57ce"},
{"city": "\u664b\u4e2d"},
{"city": "\u957f\u6cbb"},
{"city": "\u664b\u57ce"},
{"city": "\u9633\u6cc9"},
{"city": "\u5415\u6881"},
{"city": "\u5ffb\u5dde"},
{"city": "\u6714\u5dde"},
{"city": "\u4e34\u7317"},
{"city": "\u6e05\u5f90"},
{"city": "\u547c\u548c\u6d69\u7279"},
{"city": "\u5305\u5934"},
{"city": "\u8d64\u5cf0"},
{"city": "\u9102\u5c14\u591a\u65af"},
{"city": "\u901a\u8fbd"},
{"city": "\u547c\u4f26\u8d1d\u5c14"},
{"city": "\u5df4\u5f66\u6dd6\u5c14\u5e02"},
{"city": "\u4e4c\u5170\u5bdf\u5e03"},
{"city": "\u9521\u6797\u90ed\u52d2\u76df"},
{"city": "\u5174\u5b89\u76df"},
{"city": "\u4e4c\u6d77"},
{"city": "\u963f\u62c9\u5584\u76df"},
{"city": "\u6d77\u62c9\u5c14"},
{"city": "\u897f\u5b89"},
{"city": "\u54b8\u9633"},
{"city": "\u5b9d\u9e21"},
{"city": "\u6e2d\u5357"},
{"city": "\u6c49\u4e2d"},
{"city": "\u6986\u6797"},
{"city": "\u5ef6\u5b89"},
{"city": "\u5b89\u5eb7"},
{"city": "\u5546\u6d1b"},
{"city": "\u94dc\u5ddd"},
{"city": "\u4e4c\u9c81\u6728\u9f50"},
{"city": "\u660c\u5409"},
{"city": "\u5df4\u97f3\u90ed\u695e"},
{"city": "\u4f0a\u7281"},
{"city": "\u963f\u514b\u82cf"},
{"city": "\u5580\u4ec0"},
{"city": "\u54c8\u5bc6"},
{"city": "\u514b\u62c9\u739b\u4f9d"},
{"city": "\u535a\u5c14\u5854\u62c9"},
{"city": "\u5410\u9c81\u756a"},
{"city": "\u548c\u7530"},
{"city": "\u77f3\u6cb3\u5b50"},
{"city": "\u514b\u5b5c\u52d2\u82cf"},
{"city": "\u963f\u62c9\u5c14"},
{"city": "\u4e94\u5bb6\u6e20"},
{"city": "\u56fe\u6728\u8212\u514b"},
{"city": "\u5170\u5dde"},
{"city": "\u5929\u6c34"},
{"city": "\u767d\u94f6"},
{"city": "\u5e86\u9633"},
{"city": "\u5e73\u51c9"},
{"city": "\u9152\u6cc9"},
{"city": "\u5f20\u6396"},
{"city": "\u6b66\u5a01"},
{"city": "\u5b9a\u897f"},
{"city": "\u91d1\u660c"},
{"city": "\u9647\u5357"},
{"city": "\u4e34\u590f"},
{"city": "\u5609\u5cea\u5173"},
{"city": "\u7518\u5357"},
{"city": "\u94f6\u5ddd"},
{"city": "\u5434\u5fe0"},
{"city": "\u77f3\u5634\u5c71"},
{"city": "\u4e2d\u536b"},
{"city": "\u56fa\u539f"},
{"city": "\u897f\u5b81"},
{"city": "\u6d77\u897f"},
{"city": "\u6d77\u5317"},
{"city": "\u679c\u6d1b"},
{"city": "\u6d77\u4e1c"},
{"city": "\u9ec4\u5357"},
{"city": "\u7389\u6811"},
{"city": "\u6d77\u5357"},
{"city": "\u9999\u6e2f"},
{"city": "\u6fb3\u95e8"},
{"city": "\u53f0\u6e7e"},
{"city": "\u9493\u9c7c\u5c9b"},
{"city": "\u5176\u4ed6"}
]